id,dialect,text
1157988153371844608,QA,  عبالهم اذا راحت القوانين خلاص بيعيشون حياتهم و بيسافرون بروحهم  حبيبتي انزين بتسافرين وبترجعين عبالج يعني بيستقبلونج بكل رحابة صدر وانتي رايحة من وراهم  في ناس تبي الشي لان الوصي عليها مب الاب وهالشخص مب مفتكر فيهم بس انتو ياللي عايشين عند امكم وابوكم يعني بتعصونهم 
1157988651885875200,QA,وااايد استخدمه  احس كل شي ابيه القاه فيه  
1157992582586228736,QA, ههههه انا نفسج ضد  وفالموضوع كله اشوف الشي الي صج صج المفروض يتعدل لان هالشي معطل وايد امور ان يعطون الام صلاحيات مثل الاب في انها تطلع اوراق عيالها الرسمية و تفتح لهم حسابات ف البنك و غيرها 
1157998716550361088,QA, انا لو علي ما بخلي شي يصير الا بوجود الطرفين عشان محد يلعب عالثاني  يعني مثلا وحدة تقول ابي اشتري اسهم حق ولدي للمستقبل بس ما اقدر لان ادري ابوه بيبيعهم من وراي وبياخذ الفلوس
1158114208225157120,QA, والله عندنا وايد اماكن حلوة بس الجو ما يساعد حاليا اللؤلؤة  الحزم  كتارا  بس فيه شارع مكيف  لوسيل مجمعات قطر مول  فيستيفال  فيلاجيو  ذا قيت  اللاجونا وفي غيرهم بس هاي الافضل حاليا  
1158142230181416960,QA, والله الشرهه على اللي عندنا مطلعين نفسهممم اورررر مظلومين  
1158490527932850176,QA, انا مثلج وكنت احسب كل الناس جي لان احس ما يصير غلططط  لين اكتشفت ان ريلي يحط عشوائي اتنرررررفززززز 
1158853225723904000,QA, لحظة لحظة الحين مب الملك ابوهم  ليش كل هالسالفة والبشوت وفي الاخبار  ترى عادي تسولفون وقت الغدا 
1158854585974439936,QA,  حتى عادي ممكن يسولفون فالممر  بس الظاهر من زمان محد عبرهم وزارهم ويبون يلبسون بشوتهم لا تغبر
1159094902095003648,QA, تخيلت لونه كحلي واحمر 
1159267541514108928,QA,الناس نايمين وانا فاضية قاعدة واطرش طلباتي واقتراحاتي لهم عالواتساب  احس بيقومون بينصدمون شكثر كلام وصور مع نفسي 
1159655678874726400,QA,الله يوديني اورلاندو من غير شر 
1159830956531785728,QA, اي حركت مشاعر الشوق  نفس الفندددق وكل شي 
1159873776508690432,QA, انا منكم شوفي الخمسه الباقي وجهزوا لنا جدول 
1159979550815784960,QA, بالعكسسسس مشتطييين  تقريبا كل ساعة اشوف وحدة منهم حد حاطها يا فالسناب او انستا خصوصا اللي فيها اللهم صل وسلم على نبينا محمد  في ميزان حسناتج يارب 
1160144108444368896,QA,  وانا اقول من وين اعرفه  الله يرحمه
1160207477868249088,QA,يارب يارب يارب السنة الجاية نفس هاليوم كلنا متجمعين في عرفة 
1160222991155912704,QA,ترى والله وايد يزعل ان عيد والناس محد والشوارع فاضية
1160231961413193728,QA,ومن الي راحت اخر الدنيا ورجعت لانها تذكرت انها ناسية ثيابها ف الخياط 
1160236829607677952,QA,يوم رحت الحج احس اني كنت وايد ياهل ومنبهرة باللي اشوفه وما عشت اللحظة صح  يارب يكتب لييي حجة ثانيية غيرها 
1160310779712823296,QA, الله فكرة بتهاوش مع احمدو وفصول
1160314920896016384,QA, المفروض حد يكلمهم التشغيل يكون فالممرات و غرف الانتظار بس وبصوت هادي ماله داعي الصوت يوصل داخل الغرف ويكون طول اليوم بعد 
1160658201697771520,QA, مافي لازم تطرشين لهم ايميل ولا حياة لمن تنادي  اذا لقيتي طريقة ثانية قوليلي
1160658658289770496,QA, احس يعتبر سرقة حرام بصرف النظر عن المبلغ الي ندفعه  هذي اشيا للانتفاع مب استهلاكية عشان ناخذها 
1160709142140588032,QA,"كل شوي اشوف الفييييديو  الي احلى من البنات ابوهم الله يحفظهممم كلهم  
  المعنى لـ إن البنات حياة في منازلنا 
كل البنات مسرات وأفراح "
1160712712948723712,QA,ههههههه  بس اتوقع ومن الجانب المشرق ان الكنب لو ما كان شي حلووو وفخم ما بيتذكرونه لليوم 
1160715034122698752,QA, ههههه لا تقولين انا غالبا اعرف الاشيا والاخبار قبل الي حولي بس مستحيل اقولهم ترى كنت ادري الا اذا الشخص نفسه قال ان كان قايل لي وهالشي مخليني محل ثقة للجميع 
1160878874261118976,QA, وايد غريب  يعني افهم ان رمضان مذهبهم لازم يكملون صيامهم عشان ما يكون الموضوع فيه شك بس الحجج وعرفة مايصيييييير 
1160879305074905088,QA,  لا تخيلي شفت وحدة تشرح يصومون عرفة معانا وكل شي بس عندهم يوم بريك بين العيد وعرفة 
1161356728434352128,QA, جربي كيكو  ووتر برو  سهل وسواده قووووي ومايسيييح حتى فالمدمع
1161559307890155520,QA, بالعكس احس حلو عالكل  جربييي بتحبيييينه 
1162012145472684032,QA,من فترة شفت تويت شخص يمدح أم علي فندق مندرين اورينتال مادري من انت او انتي ومادري اذا متابعيني ولا المهم وايد شكرا لان التعليق تم ف بالي وحطيت لي هدف ان اجربها وطلعت صج صج صج عجييييبة 
1162118575441752064,QA, لقاااااافة شدخلها من يدفع يمكن اصلا الفلوس الي عندها منه بعد انتي شدرااااااج  وحتى لو فلوسها كيفها كيفها كيفها كيفها  اخ حرتني
1162476820526243840,QA, بالضبطططط  هاي الي يبون يسوون نفسهم فاهمين بس مايدرون شلون 
1162495013118521088,QA,  احس استحي اكتب لها الناس يشوفوني متابعتها 
1162503004270092288,QA, اتوقع اي حد يتابعها بيعرف اني اقصدها لان محد مثلها 
1162514388282216448,QA, وحدة تسوي اشيا مالها داعي 
1162516564308058112,QA,   المجتمع كله مريض ومب طبيعي ان يحسبها ولد لانها حاطه اسم ولد بس هي طبيعية ماشاءالله تبارك الرحمن 
1162820632566013952,QA, ليييش ما غنيييت هل عندك شك ليييش لييييش لييييش  زعلللللتتتت وايد 
1162857976291631104,QA,  انا ماعندي مشكلة مع ذوقها الناس اذواق بس لا تألف عالناس و تتفلسف وتحسس ان محد يعرررف غيرها 
1162966695109152768,QA, لعبتي  دايما اساوري تلف بالغلط لأني ما افصخهم ابدا ف لج تخيل وضعهم وانا اصور صوره سريعة بدون ما ارجعهم مكانهم الطبيعي 
1162969819093901312,QA,تخيلو اني قمت النوم وقاعدة اشوف فيدوات امس  والحين برجع انام 
1163034468736741376,QA,  لوسمحتي هاي قلت لج اني كنت ادري عنها 
1163940022527152128,QA, ضحكتيني  اتذكر يوم كانت تجينا المدرسةكنت اكرهه احضر لها لاسباب كثيرة جدا جدا  وحاليا من تويتج اكتشفت اني مسوية لها بلوك والصراحة مادري ليش ومتى بس شكلي اول مرة شفت اسمها تنرفزت وبلكتها 
1164074654656606208,QA,وخاطري اسجل كلامهم واحطه ف اذن الي يتحلطمون علي ويستعرضون لي ان هم يسون نفس الي اسويه باسعار اقل وان انا ينقص علي وهم لا عشان يعرفون الفرق وان مب دايما الغالي مقصه اذا انتووو تدورون وتسألون وتجربووون 
1164083445989019648,QA,احس حنين الصيفي المشهورة الي اتفق الجميع على حبها  مع اني ما تابعها بس سبحان اللي حبب الناس فيها 
1164294790126723072,QA,    فيه وايد براندات عشان تعرفين الكواليتي دوري الفستان ف مواقع ثانية او ناس عاديين لابسينهم و غالبا ممكن تحصلين فيديوات ف يوتيوب 
1164654658893357056,QA,  صححح انا معتمدتهم اذا بطول وانا طالعة وفالسفر صج صج ولا يتحركون 
1164655515227611136,QA, لا العواميد والكشافات حق مارثون شي جي بيصير فالكورنيش
1164677910382276608,QA, علىىى حسب الاظافر و الطريقة والدرجة واللبس والمكان في ناس يطلع عليهم واو  وفي ناس حتى النود يبين يب عليهم 
1164679935266578432,QA, ايي انتو ما تحبون هالستايل بس الي يعرف له يقدر يتفننن فيه 
1131347091148673024,QA, انا بعد  صابرة ابي اعرف اخرتها معاهم واصلا هم اور مركزين عليها والباقي قصصهم ثانوية مع انه هي وايد مكررة والباقي فيهم تغييير شوي 
1131403580370489216,QA, ومناكير عنابي  تطلع لي فالاكسبلور اشم ريحة الحنة من الصور 
1132066007311425536,QA,ابييي حد يسوي صوري جييي  
1132421104075714560,QA,صج صرت أم  اطل ابي اشتري لي ثياب ارجع شارية حق لورو وناسية نفسي 
1132421427410415616,QA,المشكلة اني مابي لها شي  واقول ما بدخل محلات اليهال و ادخل 
1132718510805852160,QA, ترى الدراسة عبادة   رمضان مب معناه توقف الحياة
1132757390183550976,QA, كلمي حماية المستهلك يشوفون شغلهم معاهم 
1132760898081296384,QA,عشان جي نقول دلعو بناتكم وعزوهم عشان لين تزوجو تكون عينهم مليانه و لهم قدر مب وحدة توها تتفتح عالدنيا كأنها مب شايفه خير  
1133091676552093568,QA,الحمدالله ابشركم ان الي سويت عندها عباية ف معرض هي رجعت لي فلوسي غصبن عنها  بس الصراحة للحين حارتني ما بسكر الشكوى بتم وراها لانها قليلة ادب 
1133092833756360832,QA,المهم يا جماعة وللفائدة العامة  مافي شي اسمه العربون ما يرجع اذا كان الخطأ من التاجر  يعني نفس حالتي متأخرة عن التسليم وتاريخ التسليم مكتوب ف الفاتورة وهاي اكثر شي فادني  عشان جي لا يقصون عليكم حتى لو مكتوب فالفاتورة العربون لا يرد 
1133093790582018048,QA,ترى محد خلاهم يستقوون ومايلتزمون الا ان الناس يسكتون عنهم  السالفة مب عشان الفلوس والمبلغ على فكرة ما يسوى بس عشان يوقفون عند حدهم و يصيرون بروفشنال فالتعامل مع الناس مب يطمعون وياخذون مليون اوردر واخر شي يتوهقون
1133094003950460800,QA, سويت عندها عباية المفروض استلمها قبل رمضان كنت ابيها له وللحين ما سلمتني وماتبي ترجع العربون تقول انا كاتبة فالفاتورة العربون لا يرد
1133095204536356864,QA, ماحب الي جي قليلين ادب المفروض حد يكلمها 
1133095437915906048,QA, انا بعد ما اداني جي وخلاص يعني جايتني عقب شهر تبي تسلمني سبحان الله اليوم العباية جهزت 
1133270547050180608,QA, عاد هاي مالها حل الا ان الناس تعترض وما يتعاملون معاهم  في تاجرات متعاونات اذا قلتي لها تخلي لج الغرض ف مكان او دريولج يروح يستلمه
1133361528047120384,QA, اي طبعا حرام يا يتفقون من قبل ولا خلاص تعطيه الي يبيه 
1133759987652661248,QA, دخليني معاج فالدورة  مرة قالتها لي مديرتي قلت لها شدعوة عادي الباقي بعد مب مقصرين وقعدت اذكر مساعداتهم لي 
1133871298235510784,QA, اشتتتكي وخل ترجع فلوسج ويطيح ف جبدهاااا 
1134634360714539008,QA,فيني طبع زين و شين ف نفس الوقت  وايد دقيييقة ف اشيا الناس ما تفتكر فيها خصوصا ف الكواليتي  لذلك وايد اذم اشيا والناس تحسبني ابالغ و اني بس ابي اخالفهم بس عقب يكتشفون اني صح  
1135186740464038016,QA, احس لو وحدة من بنات خالاتي بسوي المستحيل عشان احظر العرس  بس اي حد ثاني لا الشغل اهم 
1135606303634726784,QA,أجمل الأعياد عيد أنتوو فييه  اصلا جمال العيد بالناس الي دايما نشوفهم الحبايب والقرااب 
1135680080150245376,QA, يا ام المتاي احلى
1136019751426281600,QA, وايد حلوة الحركة احنا كبار ونستانس نهدي بعض فالعيد  حلو انها تصير عاادة 
1136163838561267584,QA, احسن شي تسوينه يصير في شي الواحد ينطره ف العيد ويتحمممس عشانة  الله يخليييهم لج 
1136526290155114368,QA,دريولي يوم واحد بيذبحني بسبب الاشياء الي تطري علي فاللحظات الاخيرة ابيه يوديها الخياط  يعدلها ويقعد يدور من مكان لمكان لين يلقى حد يسوي لي ف نفس الوقت 
1136534104856572032,QA, خصوصا اذا كان اسمهم ميم
1138094216305958784,QA,منحط  كل العالم تصير فيه هالاشياء الغلط لو كان المترو زحمة وهم مضايقين الناس اللي فيه لازم يتحاسبون لكن واضح انه فاضي وهالشي بالنسبة لهم عادي مب عيب خل يستانسون  
1138095619573202944,QA,"لكن طبعا لازم تنحط لوائح وقوانين توضح للناس المسموح والممنوع خصوصا وقت الزحمة الناس الي تنام عالكراسي وغيرها لازم يعرفون الاشيا المسموحة والممنوعة  
مثال  فاليابان اي وقت ممكن تفتح الكراسي وتقعد عليها لكن وقت الذروة الكل يوقف الا ذوي الاحتياجات الخاصة"
1138190376299352064,QA,الحمدالله يارب ان الناس بيداومون وبرجع اطلع الصبح واخلص اشغالي و الحياة حلوة 
1138847365547331584,QA, المرة الياية وديينيي معاج
1138902808181301248,QA,  يلا كلناا خل نروح مرة وحدة 
1138975832284835840,QA,قطع النت وانا اشوف المسلسل فجأة  تحسون اوريدو وصلت فيهم الحقارة انهم يقطعون النت هالحزة ولا فيه مشكلة  
1139073366369980416,QA,  في حد يسمع  من فترة كنت اروح المركز الصحي والي ف الرسبشن دايما نايمة واشتكيت ولا حياة لمن تنادي 
1139873559294218240,QA, فصول انتي  دام تسمعين الكلام رافجيه بيعطيج لسته مسلسلات رمب لازم تتعبين نفسج تشوفينهم لان بيقولج القصة قبل  
1139961989650947968,QA,طالبه شي من رمضان و وصل الدوحة قبل العيد بس طبعا للحين ف ارامكس عاد انطر متى يكون مزاجي مزاج اهاوش عشان اتصل اشرشحهم 
1139982505753403392,QA, عاد هالناس تلقينهم اكثر ناس بناتهم يسووون كل شي من وراهم وما يفتكرون فيهم 
1139983372149825536,QA, مردهم بيكتشفون غلطهم الله يعين عيالهم عليهم  والحمدالله على نعمة الاهل المتفهمييين
1140026682549645184,QA,احس محد قاعد غيري 
1140080055802126336,QA,قايلة حق بنات الدوام بمرهم اليوم وللحين ما نمت  ماودي اسحب 
1140217641447112832,QA, اول شي تأكدي الطلب اكسبرس ولا اذا الطلب اكسبرس المفروض يوصل على ارامكس بس هالايام الشيوخ صايرين يحولون الشحنات على بريد قطر عقب ما توصل الدوحة وطبعا محد يتواصل معاج لازم تراكضين وراهم 
1140610982957502464,QA, صج صارلي فترة استخدمه  وكل حد يسألني مسوية فلر ولاا  احس ان تعبت الخطووط عندي منه
1140611965439660032,QA, مادري انا بايقته من اختي هي شاريته من مادري وين ويارب ما تقرا تعليقي عليه  فالكومنتات يقولون موجود ف اي هيرب
1140878301164114048,QA, حفل تخرجنا كان مأساة ماحس في اغبى منه 
1140888590811127808,QA,  لان الي يهمهم حفل البنين الامير الي بيحضره و حفل البنات من تطلع الشيخة شوفي الفوضى الي تصير  بس  بالطقاق فالطلاب
1141224807842885632,QA,تخيلو الدوام متصلين فيني يسألون ليش ما مداومة من شهر   تو الناس حبايبي زين انتبهتو
1141489849351974784,QA,اي والله خاطري اسوي منشن حق شخص على هالتويت  
1141617393598443648,QA, الله يوديج ويودينييي  مع ان الي عندي يقول من الاماكن الي مستحيل يوديني لان فيني مغناطيس حرامية 
1141618643157041152,QA, هاي الي بيصير اذا رحت مكان جي  مع ان حتى يوم انبقت ما كنت لابسة شي غالي 
1141618759335124992,QA, هالكلمة بروحها توضح ان فيكم عقد 
1141684488482754560,QA, نفس الموقف صارلي رحت خياط العبايه ب  والمصممة تبيعها ب  و قعد يراويني انستقرامها و السعر واللوقو عشان يثبت لي انها تسوي عنده  الي بتبيع شي غالي خل تروح خياط عدل او تجيب لها خياطين خاصين وقطع خاصة فيها مب تسوي ف محلات المنتزة والعزيزية وتدبل السعر وعقب تقول قلدوني
1141684958924349440,QA, صرت اذا بسوي عباية عند مصممة ادور قطعهم غريبة او اعرف ان خياييطهم خاصين فيهم عشان ما سويها بمبلغ وقدره عقب القاها ف كل المحلات 
1141686440331550848,QA, يمكن نفسه  هم صار عندهم سعر موحد بصرف النظر كم مكلفتهم القطعة انا مصممة لازم سعر عبايتي يكون حول هالمعدل و ما شفتي في خياط يسوي حق مصممتين نفس الموديلات ويحط حق كل وحدة لوقوها و احنا نشوف انستقرامهم ونضحك مادري صج مايدرون ولا عادي عندهم 
1141693195593629568,QA,شوفوا اسلوب وألفاظ الطلاب الي يسوون هاشتاقات الامتحانات التعجيزية وبتعرفون نوعهم 
1142532273079824384,QA, ابي اعرف عشان اقلد  لعبتي اشوف اشيا مغبرة او مالها داعي
1142554542061608960,QA, انا حسيت اني خفت لأن مافي حد وتخيلت هدوء   لو كان في ناس ف الصورة 
1142597040087752832,QA, احب ابشرج اني من فترة شايفتته 
1143236330954076160,QA,     محتاجين موظفين ف القسم وقاعدة ادعي صبح وليل يكون واحد مب وحدة 
1143267223148138368,QA,شفت تويييييت اور يلوع الجبدددد  صج صج في فيمنست اور فاهمين الموضوع غلط ويخربون على غيرهم 
1143270106006531968,QA,  طرشتها لها دي ام عشان تتحسف 
1143550987287826432,QA, صدقيني ماتبين  مادري وين راح الحين عاد
1143819283060928384,QA,     و واحنا داخلين الطيارة يشغلون لنا هب السعد
1143866298293805056,QA, احس عيب اهل البنت يطلبون لان المفروض هم عارفين حالة الريال وهو بعد المفروض سواء عنده خير او مايقدر يعطي قد الي يقدر عليه والمتوقع منه
1144204116475949056,QA,مادري شفيني هالفترة كلش مافيني حماس سفر  قلبي ما يشتط الا اذا شفت صور موسكو و المالديف 
1144355011721404416,QA,   حرام عليج والله طعمه عصير افوكادوو من مندرين 
1144355852591280000,QA,   يمكن افكادوتج كانت خربانة
1144631144723484800,QA,يصيح الثريد  هذي روح من الجنة على الارض  الله يخليها لكم  
1144722776747630592,QA,والله محد يبي من حد شي شوية أخلاق وتعامل وابتسامة بس عشان الواحد يذكركم بالخير  ويدعي حق الي ربوكم 
1144723007681835008,QA,يسوى عليكم كل ما يجي طاريكم الناس ينفرون منكم  
1144955743667400832,QA,  اكيد وايد مالهم خص بس المقصد اكيد ان اخلاقك تخلي الناس تدعي حق الي ربوك ويذكرونهم بالخير
1144972969934016384,QA,ابي ربع يروحون معاي ابحر نص الاسبوع الصبح 
1144974349964910592,QA, ترى كاتبة التويت قبل ما تقولين والله 
1144975834719145984,QA, انزين انا شكتبت لج ما قلت توني اقول  طرشت التويت ورديت عليج 
1145307859464458240,QA,اللي يحط دعايات في اغاني اليهال ف يوتيوب  الله يسلط عليييييييه 
1145313148976685056,QA, من تطلع دعاييية تعالي اسمعي الصراخ  وتخيلي ان في دعايات مايصير لها سكب ونتم نشوفها كاملة مع صوتها العذب 
1145340316490358784,QA, غالبا اذا سألتي عن صور وشي جاهز جي اسعارهم لان حاطين انواع ورد غالية وطبعا مبالغين فيه زيادة بس اذا رحتي المحل واخترتي التنسيق يمكن بهالسعر تاخذين دبل حجمها 
1145347861791629184,QA, نفسييي اول مرة رحت تعلقتتتت فيها مع اني كنت ما افكرر اروحها 
1145454646879752192,QA,من يتذكر هالحلاوة  ليش احس محد غيري فالدنيا يتذكرها  
1145463994850992000,QA, من قلب  مرة قعدت فيه كل ما نطلع نقعد  واكثر بس ننطر السيارة  و الروم سيرفس مأساة غير ان ممكن تحجزين سويت معين و يوم توصلين يقولون لج الي فيه ما طلعوا شنسوي لكم  الشي الوحيد الحلو فيه والي يرجعني له مطعم البرجر 
1145644169060388864,QA, اوه  عيل كلميهم واتساب واشرحي لهم الي تبينه وحددي لهم مبلغ معين بيفرق معاج السعر 
1145655525381721984,QA, كان احلىىى شي عندنا يوم نمر عند بيتهم ونشوف التطورات  لين اختفى مادري غطوه  
1145749559697653760,QA,  انزين يعني ما سألتوها ليش حاطين ف بيتكم ديناصور  
1146075004255256576,QA, وكانت صدمة عمررررر ولا  متوقعتها ومضحية بطموحي الجامعي لاني متوقعة نسبة نازلة  
1146332364018204800,QA,هالأسبوع مزاجي اسوي وايد اشيااا  يارب يعديي على خييير 
1146353303900565632,QA,كالعادة دخلت الصالون وقص علي الشيطان 
1146791062314397568,QA, جربتي تروحين شي من هالمسرحيات  ترى وايد حرام غالبا يكونون حلويين ومفيدييين الاعلان وايد يضيع قييييمتهم 
1146798290429722624,QA,والله وااايد تفتح النفس  
1147170014493073408,QA, نفس يوم ميلادي  عشان جي احبج بدون ماعرفج 
1147923309872472064,QA,يارب ان سفرتنا يات بالصدفة مع مسلسل تشيرنوبل والله مب يايين عشان نروحها ولا فكرت بعد  
1148614627934265216,QA,الحمدالله اختياري كان موووفق  ما توقعت ولا  ان المكان بهالجماال  لأن عيززت وانا ادور عنها صور و اماكن وما القى الا متاحف 
1149045764708020224,QA, اوووكي شكرا  وفيييه العافية 
1149214534562922368,QA, انا استخدمة صج عجيب 
1149612705864531968,QA,تفوز هالصور في قلبي  احس ابي ارجع اعيش الشعووووور  
1149678098725712000,QA, عندي شكوى على موظف في القطرية يهدد برفض دخول الشنط بدون سبب   ممكن رقم شخص نتواصل معاه للشكوى 
1149688851327312000,QA, محد يرد عالايميل الموضوع من اسبوع ولا في اي رد من طرفكم 
1150109676316635136,QA, ماعندي رقم ملف محد رد على الايميل   ابي شخص اتواصل معاه دايركت
1150383423267188736,QA,  انا نفسج رووض فرق توقيتهم حلو لان سابقنا 
1150392040905236352,QA,  ايي تحسين انج ترجعين بالزمن لين رحتي
1150478934141734784,QA,حد فاضي مثلي شاف عالدعاية كاملة فالسناب   
1150811416414306432,QA, بصرف النظر عن راينا الاخت شدخلها تسأل وتقرر  هي توصل الرسالة لأخوها وهو كيفه يقرر 
1150878160340365184,QA,  مساعة اقول حق امي هاي ام ما تبي بناتها يروحون مطلعه الاشاعة  قالت لي و يمكن يكون ريال مايبي مرته تروح
1115880221847293952,QA," انا شريت حق ولد اختي لعبة قطوة اسمها   صج صج كأنها صجية كل ما حد يمر صوبها تتحرك وتطلع اصوات 
ما اوصف لج اول ما وصلت مادري انه فيها بطارية واصلا كانت ف كرتونها شفاف واخر الليل مريت من عندها وناسية وجودها اصلا  المهم انه رجعوها لي محد يبيها كلهم يخافون منها "
1116297118917037952,QA, انا معاج  انا دافعة فلوس ابي شي يفتح نفسي  ذكرتيني بدكتورة على كثر ما يمدحونها اكرهه اروح لها من نفسيتها
1116747971939356800,QA, صارلي  سنين متزوجة للحين ماعرف افرق بينههم  واقول اخت ريلي  مرت اخو ريلي و غيرها وايد اسهل
1116851649476288384,QA, مادري احنا اي دائرة بس حق محد يستاهل الغالي
1117014353688060032,QA, ولا يخلون الي يروح يصوت يعطونه ورقة اجازة  صدقيني الكل بيصوت
1117153568086286336,QA, لا احنا قاطعنا كنتاكي لان واحد فيه الايدز يشتغل هناك يجرح نفسه ويحطه فالكاتشب 
1117533300732645376,QA, يارب تسافرين سفرة حلوة يارب يارب يارب
1117672169767673984,QA,بخصوص اني ماقعدت  دقايق وخلصت المحاضرة  وانا مقررة اني احضر وحدة بسسس خسارة قومتي من النوم بس 
1117739454482006016,QA, وطبعا انا ضد الفكرة اذا كنت راح تكذب عليه و ما تقول له ان يتيم لأن اولا هالشي بيخلق عندك هاجس ان ممكن في اي وقت يعرف والله يعلم شنو بتكون ردة فعله  و طبعا لو صار وعرف وهو مب مهيء نفسيا ما تدري شنو بتكون العواقب
1118045299744833536,QA, الموضوع طرارة اصوات بدون محد يدري شالفايدة منهم وايد عيب والله  ياخي حطو برامجكم الانتخابية واهدافكم ف السوشل ميديا عالاقل والناس بتشوف واذا تستاهل بيصوتون لك 
1118045882870579200,QA,"   اي والله 
بس حلوة الفكرة  مرة ثانية اذا جاني اتصال من دولة غريبة ببحث عنها يمكن تطلع كشخة "
1118047098300182400,QA, ما لقيت الا هالفندق فيها  عجبني اجتهادهم بالفوط 
1118085859964854400,QA,ممكن اتقبل سؤال الناس ليش ماتبين تشتغلين ولا ليش ما تبين تكملين دراسة لأن هالاشيا برغبتنا نختارها وعادي ممكن اجاوب عنها اذا ابي  لكن عيب حد يسأل ليش ماتزوجتي ولا ليش ما جبتي عيال للحين لأن هالشي بيد ري العالمين و كل شي نصييب 
1118238655766831232,QA,اتذكر مرة من  سنين تقريبا في ناس زعلوا لاني مسحت كومنتهم من الانستقرام  وبس عاد سوولي ان فولو ليومكم لاني ما احترمهم  
1118238820040892416,QA,عاد احب اقولكم اني سويت لهم بلوك لان ادري انهم يوما ما بيرجعون يضيفوني من الفضول 
1118392328304124032,QA, احس كريمات العين الشي الوحيد الي ما اصدقه لان اللي يأثر فيها النوم و الاكل  ويكفيها اي كريم ترطييب بس
1118392544092672000,QA,ابي اسوي مليون شي اليوم  ومافي وقت
1118414010599248000,QA,من كثر ما انا اشبه وايد ناس احس كل وحدة من خالاتي عندها بنت تشبهني 
1118421810477981568,QA, اي صح بدال بيت خالتي موزة مافي حد يشبهني 
1118491331180093440,QA, احلى شي والله احب الملابس مقصملة واليد  ارباع انا لو قدي اروح اقصر 
1118761342666792960,QA, اون لاين لان مب شرط يوصل الطلب وانا فالبيت فعادي الخدامة او الدريول يستلمونه و حتى لو كنت فالبيت مايكون عندي كاش دايما ولازم اروح اسحب 
1118789710183370752,QA,شتسوى عليكم الناس تقول عن اهلكم ما ربوكم عدل واخلاقكم زفته  اذا مب عشان نفسكم عشان امهاتكم وابهاتكم الي تعبوا عليكم حسنوا اخلاقكم وتعاملكم مع الي حولكم 
1118812035649875968,QA,  اخشهم حق من  ولنا في الكثير من من حولنا عظة و عبرة يكونون عايشين بفقر واذا توفوا يطلع المستخبي والعيال يعيييشوووون 
1118814649359773568,QA,انزين انت ليش زعلان حد خذ خدامتكم لا سمح الله  مرتك ولا اختك لا تخليهم يطلعون مع الخدامة انتهى الموضوع   
1118834465122525184,QA, بالعكس نادر تشوفين هالاشكال الي تعامل الخدامة بدونية والاغلب يودونهم معاهم عشان ما يركبون مع الدريول بروحهم
1118835300556574848,QA, لا احنا عندنا الوضع طبيعي اغلب البيوت جي ما يرضون البنت تركب بروحها مع الدريول او البنت نفسها ما تحب
1118925631331479552,QA, صححح احلى مغربي عندهااا وصج اسعارها اووفر بس اي مكان بيسوي شي نفس المستوى السعر بيكون قرييب منها
1119211188909478016,QA,المهم يا جماعة ودي اقول مع احترامي وتقديري لكم الي مب عاجبه شعري يحتفظ برايه حق نفسه وشكرا 
1119561999887872000,QA, بالعكس القانون ممتاز عشان ما يصير فيه حملات تجمع التبرعات او اعلانات من اي حد خصوصا الناس عندنا تتعاطف مع الكل  جذي احنا نعرف وين نتبرع يا جهة معينة او نعطيها لشخص ثقة نعرفة شخصيا ممكن وندري وين بيوديها
1119562884764319616,QA, قانونيا مخالف بس عرفيا لا واحنا تعودنا على هالشي  تقريبا مافي عائلة قطرية او اصدقاء الا وعندهم صدقات واشياء يجمعونها لشي معين مع بعض
1119927999967707136,QA,خاطري اقول شي بس اخاف تقولون عني مينونة
1119928653373067264,QA, تهقين يلا بكتب بسرعه شوفي
1119928921745702784,QA,انزين بقول للأمانة انا هالايام كل ما اوقف جدام المنظرة واشوف شعري اقول ياربي شلون الناس تشوف هالجمال مب حلو 
1119936435124166784,QA, عيونج الحلوة حياتي  يلااااا تهوري ولكم تو ذا كلاب
1119944214937313152,QA, اي عشان جرأة يشوفوونه مب حلو 
1119968836827209600,QA, بالظبط صج الناس اذواق وعادي لو ما عجبهم بس انا نقطتي اان لان غريب يقولون مب حلوو حتى بعضهم قبل لا يشوفون 
1120065116433801216,QA, عادي قوليلها انمسحت الارقام من عندج
1120278597728710784,QA,انا الي ابي اعرفه شلون هالام تطلع فبرنامج و تقول قصتها بكل فخر بعد  وين القانون والعقاب  شدعوة عايشيين ف غابة  
1120325726903861248,QA, انا مرة نسيت شنطتي وما اكتشفت الا عند البيت رجعت ثاني يوم مالقيتها بغيت اصيح عقب طلع السيكيورتي شايلها  قالي احنا كل يوم عقب ماتطلعون نجي نشوف اذا في اشياء مهمة ناخذها لان يدخلون عمال النظافة
1120411001164324864,QA,طبعت الاوراق عشان ادرس وخليتهم فالطابعة المهم اني الحين وانا عالسرير بنام تذكرت ان بكرا عندي امتحان 
1120609364346376192,QA, اموووت على اكاونتها  كل مرة ادخله اختار شي بطلبه وكل مرة اغير راييي ولا استقريييت على شي 
1120610432992055168,QA, علييج بالعافية  اييي والله يبي له اجرب عشان اختاار عدل
1121018477513465984,QA, عجبتني اذا صرت مدام  انزين سؤال ادمانج ما صار دبل  تدورين حق بنتج بعد  
1121318950132961152,QA, الحمدالله كتبت التويت نزلت المحل لقيت فستان  انا مشكلتي القياسات مستحيل شي يضبط علي يا الوسع او الطول لازم تعديل ما ينفع لي وضع اخر لحظة زييين هاي رضو يخلصونه لي لين بكرا
1121747267466223616,QA, أسوأ خدمة عملاء مرت علي  الطلب تأخر اكثر من ساعه وكل ما اكلم حد يقولي بشوف الموضوع ومايرد اخر شي تواصلت مع المطعم وقالي ان محد استلم الطلب منه وهو جاهز من ساعه  المهم وصل الطلب وما استلمته و لا وصلني اي رد للحين
1121752888269856768,QA,آخرررر مرة اعتمدد على حد ف حجزز الشعررر ولا المكياااج 
1121760074219782016,QA, قوليلهم براسل الشركة الأم  مرة انكسر حجر في شنطتي و وديته يعدلونه و الله لا يراويج التعديل الفاشل خربوها صورتها و ما خذتها منهم و قلت لهم بطرش ايميل حق الشركة بالصور ما شفتي شصار فيهم وسبحان الله رجعت كما كانت وافضل  
1121762738919890944,QA,  اسوأ خدمة عملاء مرت علي ساعة متأخر الأكل ولا في اي رد منهم كل واحد يقولي بشوف الموضوع ويسحب لين تواصلت مع المطعم نفسه وقالولي ان محد استلم منهم الأكل للحين و طبعا يوم وصل رفضت استلمه و للحين مافي اي رد 
1122406652601352192,QA, بعد ما شفت هالحلقة عرفت ان مب عيب الواحد يغير رايه 
1122523129765683200,QA, اماالله ابي اتهاوش معاها
1122556731605901184,QA, اي والله ما عندنا  عطيني الفيد باك بكرا بروح
1122978103922429952,QA,ودي اشوف قيم اوف ثرونز من كثر ما الناس متحمسين مع ان بدايته ماتشجعني بس والله من الحين دريت ان آريا اذبحت النايت كنق مادري شسمة في سيزن ثمانية الحلقة   شوفو بهدوء بليز في ناس يمكن تشوف المسلسل عقبكم بسنوات وشكرا
1122978239885074432,QA, الحمدالله توني كاتبة تويت عنها مع اني ما اشوفه
1122978845387260032,QA, يا حظج عالاقل لو حد حرق عليج قبل الحلقة بشوي مب قبل مليون سيزن يعني انا لو بشوفه من الحلقة الاولى ادري هالاخ متى بيموت 
1122979669488410624,QA, اييي ناوية اشوووفه ان شاءالله بس ابي موقع عدددل
1123458582765342848,QA,القرنقعوه مسبب لي ازمة  مابي اقولكم من متى افكر واحوس وادور اشيا اسويها والحمدالله للحين ولا شي ضبط 
1123506023011110784,QA, زين يعين مب بس انا 
1123662196565790848,QA, ولااا يهمممج  احنا مستانسييين معاج 
1123662504582946816,QA, وفي الصورة بعد  وايد زعلت يوم دريت مطرشين صورتي ما قالولي عالاقل اعطيهم صورة سنعة
1123811747410915200,QA,  بصرف النظرر عن الحكم يخرع شلون النااس متعاطفة مع قاااتل و جمعت له ملاييين لا وهاي وهو مب محكوم عليه بالاعدام 
1125495171028852736,QA,دعاية زيين  انا اسفة بس شيرين ونجوى مع بعض كلش ما يركب  الصوت صاير تلوث سمعيييي
1125800062527975424,QA,  موجودة ف فيرجن بس انا طلبتها من اسوس لأني عيزانة اروح
1126085985429803008,QA,  خطأ يعني بصل تحطين فوقه كراميل
1126100276124037248,QA,احس بيكون شعوري اني مسافرة ف الدوحة 
1126119917546364800,QA,خاطري ف سويييت لذيييييذ  وتوني افتكر قاعدة ادور فالانستقرام شي حلو فوري 
1127378886835232768,QA,من قاعد  ملل عطونا موضوع نتناقش فيه 
1127383561772982400,QA,  في موضوع يقهرني يقرقع ف قلبي بس ما ودي اتكلم فيه جدام الناس 
1127383758074720384,QA, ياليت  انا بعد الشخال حسيته اقوى وياليت تشخلين معاهم الناس الي ماعندهم سالفة بعد
1127384538538291200,QA,  هههههه بموت ترى كله احطه ف تويتر واكتب كلام كبار باستهبال  ذاك اليوم حتى اقولهم فالقروب اخاف الناس عبالهم صج انا اسلوبي جي 
1127384686655889408,QA,  لا والله ابد  انزين تعالو الواتساب سوو قروب وجواهرو اذا ما نمتي مالنا خص
1127531678648406016,QA,  ولليوم اقعد عن الدريشة عشان اصور بس للاسف للحين ما صدت صور حلوة مثلهم  
1127953834783981568,QA,"بنت من  بنتي 
من الي يلبسها  انا
من الي يشتري لها ثياب  انا 
اذا عورها شي من بيبتلش فيها  انا

فاللي عنده تعليق يحتفظ فيه حق نفسه وشكرا "
1127953908113051648,QA,يا تعلقون تعليق زين يا شكرا محد يبي يسمع
1127970966347366400,QA, اقولج ماسكين علي تعبتيها ويعورها و مايسوى عليها  
1128259250164256768,QA,يا جماعة عطوني ستيديوات حلوة حق تصوير اليهال واسعارهم زينة عادي لو يجون البيت او اروح لهم المهم التصوير والخلفيات حلوة 
1128263501926076416,QA, اذا عندج انستقرامهم منشنيني اغلب الي اكلمهم مايبون يصورون بنتي 
1128264567421919232,QA, لأن ما تقعد ماتبين الخلفيات يقولون لي عادي بس بدون الخلفية شالفايدة صورة جواز 
1128268682684174336,QA, انزين بس بطرشلج الي سويتهم لا تسووون نفسي
1128369165008609152,QA,رحت المكتبة ابي اطبع تاقات بس  شفتها بتنفجر من الزحمة طلاب على مدرسين على امهات نفس حالتي متفرغيييين ياااييين يطبعون حق القرنقعوه  عاد شلت نفسي وطلعت 
1128456492796002432,QA, رحت استيديو تصوير بيطبع لي ولا هالزحمة
1128478344641744768,QA," صح كلامج وايد بنات بعد كل يوم طالعين بلهجة 
بس للأسف صارت طريقة من طرق التسويق ان يسمووون الشي باللهجة الكويتية "
1129181992699027584,QA, انا ما لبست لان حسيييت ما يناسبنيي وايام عرسي كانت هبة الستايل الناعم اللي ولا نقطة  تبرق  بس اشججججع وبقوة ان العروس تلبس
1129188916823842816,QA,من فترة كنت اشوف افتتاح اسياد  تصدقون انه للحيييين احسسه جمييييل ومبهرررر ومتطووور ولا كأنه من اكثررر من  سنييين 
1129524720834101248,QA,وايد يززعل ان سلال القرنقعوة وصلتني ناقصصصة ابي اطرش حق وايد ناس وماعندي 
1129553891807432832,QA, ادمااان ماستررر شيييف بس اكره المطبخ 
1129556160770649984,QA,الحمدالله والشكر الحين قبيلتنا قطر وقبيلتنا قطر وطايحين تطنز ف بعض وهواش على المناطق خلصتوا من الوكرة قلبتو عالخور يلا من تبون بعدهم  بارك الله فيكم واصلو تخلفكم حبايبي اهل الجنة انتو
1129557726496002048,QA,كان الموضوع استهبال وضحك بس صار تجريح و وصل للاشخاص والعوايل بعد ترى كل المناطق ف قطر على فكرة محد احسن من حد
1129558895217860608,QA,المهم يا جماعة خلنا من المتخلفين الحين ليش ما تخلون عيالكم يقرقعون عالبيوت  ياخي خل نتفق نرجع هالعادة لين شي شوي الناس تتشجعع
1129560751168003968,QA, لا احنا كانو يجوننا وايد واحنا نروووح كم بيت قبل ما نجي العزيزية  لين انترس فريجنا اجانب انقرضو 
1129562081047580800,QA, ادري يخوف ومب مثل قبل اكيييد بيكون معاهم حد كبييير ولا بالسيارة وما يبعدووون وايد  بس لازم يجربون الشعور هم اغنية القرنقعوه الحين مب حافظينها
1129575361262563200,QA, اي يوم معاكم اخر ايام الطيبين كنا ما نبعد وصار حر شوي  قبل كنااا وييين نوصل نهلك 
1129747150471081984,QA, اشتكي عليها  انا مسوية عباية حق رمضان المفروض وللحين ما وصلتني قاعدة انطر بكرا عشان اشتكي عليها وترجع لي العربون لأني خلاص مابيها 
1130270121447051264,QA,مع اني ما اتابع قيم اوف ثرونز بس يالله ابي اعرف النهائة من بياخذ العرررش 
1130994368238825600,QA, انا اليوم اشتكيت عاللي مسوية عندها  وبشوف شبيسوون معاها
1130994950164889600,QA, كلمت حماية المستهلك  التسليم المفروض  وللحين ما شفت شي قلت لها مابيها خلاص كنت ابيها حق رمضان رجعي العربون ما ترد علي  عاد كيفها هم بيتصرفون معاها سجلولي شكوى تأخر ف التسليم وغش تجاري  بس للحين ماكلموني بس بتم وراهم حارتتتتنيييي
1130999308935933952,QA, مافي شي اسمه بعطيها فرصة هي غلطانه والمفروض تتحاسب على غلطها يا تخصم من السعر ولا تعوضج باي طريقة بس الي عندنا ما يتعاملون بهالاسلوب لذلك مافي الا انج ما تاخذين الشي منهم ويردون فلوسج 
1131000705756668032,QA, هههههههه شدخل تخافين اذا صج ما تبين تواجهينها وماتبين العباية لا تكلمينها على طول اشتكي بس اذا تبين العباية اصبري والله يعوضج خير 
1131343101988134784,QA, انا صارلي فتررة طويلة ف سيزن   احس كلش مابي اخلصه  احببببببههههم
1131345259462631424,QA, بومباي مب القاهرة  قصصهم وايد والحلقة ربع ساعة ودخلوا هالحرب ولا قصة فيهم خذت حقها 
1131346260794007552,QA, وايد قاهرررنني يعني قصة التوأم واللي فالحزب الشيوعيي حلوييين والمفروض فيهم احداث وايد بس فجأة تصير اشياء وما تكمل 
1103011832145563648,QA, مبروووك  ومنهاا للأعلى يارب 
1103189081150893952,QA,الشي الوحيد الخايس ف مستشفى سدرة الي يسوون ابحاث واستبيانات  عاد في وحدة كل موعد تجيني واقولها اني سويته المرة الي فاتت وهي تذكرني اني قلت لها ماعندي وقت المرة الجاية بسويه  ما تنسى مع الويهه تفشلني 
1103189347183050752,QA,الحمدالله اليوم شفتها جاية صديت سويت نفسي مشغولة ما كلمتني  شكلها قالت اعرف الرد ما بتعب نفسي
1103215291897659392,QA, اي اكيد يعطيهم العافية انا سويت كم واحد بسيطين بس هي مسكينة بحثها طويل و ياخذ وقت عشان جي  
1104026585445879808,QA,اليوم الصبح اسمع صوت صياح فالغرفة واقول ياربي من وين هالصوت واصل لين عندي  نسيت ان عندي بنت 
1104030253163393024,QA, عاد كنت توني قايمة من النوم ما جمعت افكاري للحين 
1104054903520018432,QA, اي والله رحت لها حمرااا من الصياح 
1104511794582900736,QA, انا اظن خلصت سيزن مادري اكثر وايد وايد كئيب اذا انتي تتأثرين نفسيا ويتعكر مزاجج ما انصحج فيه
1105223369350356992,QA,  صححح كلام بشااير حلو بس شوي محروق فيه طعم غلط  انطري لين خفت الزحمة جربيه احس بيتعدل 
1105818208332857216,QA,  ترى في ناس ما يعرفون يشوفونج تغيرتي بس مايعرفون شنو فيقولون شي يبط جبدج  انا اعاني مثلكم بس مع كلمة متنانة 
1106126589572591616,QA, وترى ساعات مافيج ولا شي من هالاشيا بس في ناس تحب المغثة  وكل هالتغيرات حتى لو صارت طبيعية هالفترة وبتختفي مب لازم تقولونها 
1106168732286676992,QA, عشان جي انا اوقف عند اللفت قبل بدقيقة وابصم واطييير الخمس دقايق تفرق فالزحمة 
1106276681210318848,QA, حاضرييين  محدثتج وحدة توها واصلة لل تو 
1106285873040113664,QA, يجيب لا بس نروح وناخذ لفة فالسيارة اي 
1106340574557290368,QA, هاي البوينت اذا تبين نروح مع بعض نستانس كلنا اما اطرشه لا يقول طرشي الدريول شنو شغلته الا اذا صج وقت متأخر في استثناءات 
1106539431773831168,QA,حسبي الله ونعم الوكيل  وكالعادة بيقولون مريض نفسي  
1107285701828185984,QA," اي صح احس الخطف  لان وايد يخرع ان يكون بيننا ناس يخططون و يكون هدفهم هالشي والمستهدف يمكن يكون طفل ولا بنت مالهم ذنب والله يعلم شنو بيكون تأثير هالشي عليهم  
القتل صج اخس بس يصير ممكن ف لحظة غضب او ثار او هواش و غيره بدون تخطيط وخلفية اجرامية عند القاتل"
1107286915206836224,QA, يمكن الخدامة من نفسها تسوي هالشي  انا خدامتي تسوي هالحركة اذا حد بيركب معاي لو شخص واحد تروح تقعد جدام من نفسها
1107378844481347584,QA, من قال ان اكاونت شخصي هو مشهور و اكاونته بابلك و  ساعة يدور بباصه ويغني ويرقص ويستهبل بأعلى صوت وواضح ان عنده تصريح بهالشي وألفاظه لج عليها  لذلك مايصير ان الي يسوي كل هالتصرفات يستنكر هالشي والمصيبة انهم يسمعون له 
1107433826895056768,QA,  صج متى قالو بيرجعونه  حرقت على نفسي شفته اون لاين قلت دام مافيها سينما خلاص 
1107561396366200832,QA, حد يوصل ماعرف  بس جربي   الي ف موندريان اذا ما جربتيه  ما احببب غيره
1107967537608867840,QA, ماجربته شخصيا بس اكثر من شخص اعرفهم جربوه واستفادو منه ويقولون انه حلو  واذا تبين حد فالدوحة وتتابعين معاه بطرشلج دي ام
1108352588074885248,QA, انا احس اذا صرت حلوة ف عيون نفسي الناس كلهم يشوفوني حلوة 
1108615068722360448,QA, خطأ مب كلهم بس دادا أم
1108670405328424960,QA,شسالفة هبة الامهات ضحايا المجتمع  انتو وين عايشين
1108678435352788992,QA,خلاص كلكم امهات زينين والله دخلو من هالاذن وطلعوا من الثانية  أمهاتآخرزمن
1108698428886999040,QA, اكيد كل ام لها ظروفها وكل ام زينة بطريقتها شعليهم من المجتمع وكلام الناس ليش احس وايد البنات صايرين حساسين يعني اقل شي في موضوع الرضاعة انتي أم بطريقتج سواء رضعتي ولا هالشي ما يقلل من امومتج
1108698825970065408,QA, واخر شي طلعت لنا الاخت بهالمقال الي الواحد مايدري شيقول عنه
1108707006507090048,QA,  وايد معطينها اكبر من حجمها فالهاشتاق كلامها فاضي وماله معنى  بس حتى بدون مقالها من قبل وايد بنات واشوفهم حولي وايد يتأثرون من الي حولهم الي كل وحدة تشوف نفسها المثالية وتحسس الي حولها انهم مب قد الامومة فتطلع هالام تتحلطم ان العالم كلهم ينتقدونها وينتقصون منها وتتأثر نفسيا
1108708662938349568,QA,"  انا عن نفسي اعطي هالناس الي تتدخل على جوهم ما اجاوبهم بحق ولا باطل محد له خص مريحة نفسي من التعليقات والنصايح 
مب لازم اقولهم كل شي وبعدين انا الي اتأذى من التعليقات ف النهاية كل وحدة مقتنعة بطريقتها"
1108709855643213824,QA,  مثل هالعقليات عيب الواحد يضيع وقته يناقشهم
1109208598578487168,QA, صححح من زمان ما شفت فلم مؤثرر جي  الألفاظ الي فيه صج مأساه بس هاي واقع هالفئة من المجتمع ومب لازم اليهال يشوفونه واصلا مافي ياهل بيشوفه 
1109568350185754624,QA,لجميع الموظفات الي مب عاجبتهم اجازة الأمومة شهرين احب اقولكم ان اجازتي شهر بس وانا زدتها اسبوع من مخي وبكرا بداوم وشكرا 
1109749821500465152,QA,صباح الخير احب ابشركم راحت علي نومة وماداومت 
1110043889027686400,QA,صج نفسيا ماودي اداوم وعيزانة  بس اشتااق حق البنات وسوالفهم و الحياة المرتبة فالبيت احس اني منعزلة عن العالم  
1110049559827361792,QA,حاليا شعوري شعور طالبة في أول يوم مدرسة 
1110418704234364800,QA,مب حلو الدوام القريب وصلت و الكرك للحين حار ما لحقت اشربه 
1110442236888658048,QA, علموج شلون تمسحين الايميل بعد ما تطرشينه  
1110442958250225664,QA,قايلين لنا التدريب من  ونص لين    ونص الدكاترة والمحاضرين وصلو بدينا وخلصنا  وربع  ما يستحون والله كل واحد فينا شكبرره مقعدينا كل هالوقت ننطر عالفاضي 
1110473100536303616,QA, تسوين  الي ما فتح الايميل ينمسح عنده بس الي شافه خلاص راحت عليج 
1110547213057515648,QA, الماركتنق الصح هو اللي يخليه ينشهر فالبداية وتقديم شي مميز يخليه يستمر وما يكون هبة
1110684564102483968,QA,نسيت اقولكم الفود فيستيال هالسنة وايد وايد مرتب وحلووو  البوثات مرتبببة و توزيعها ممتاز سهل وصفها والوصول لها  
1110687312114003968,QA, زحمة عادية ومرتبة والمكان واسع بالنسبة لي اهون من العاام بوايد بس مادري الويكند شلون
1110691466496667648,QA,هاي من اكثر الاشياء الي عجبتني فالحملة  واااايد مهمممة الاجازة لو أسبوع عالأقل مب حق الابو وباقي العيال بس حتى نفسيا وجوده هو مع زوجته غير 
1110778252816191616,QA, الصراحة ساعات اعتراض الناس في محله مب كل الاشياء في الحملة منطقية  وتطبيقها بيعطللل وايد من سير العمل
1110778865453015040,QA,  نور جربت هالوضع معانا ثنتين تقريبا اجازاتهم كانت قريب السنة وحدة منهم مديرة  الله لا يراويج الفوضى
1110781961176600576,QA,  هم بعد يعني الواحد مايدري شيقول المفروض ينسقون بينهم وحدة تاخذها الصبح وحدة الظهر 
1110782903477260416,QA,  عشان جي نقول الابو لازم ياخذ اجازة ابوه و يعطونه استئذان ياخذ عياله ويرجع مب كل شي الام 
1110783176488767616,QA,  اسمها ساعات رضاعة يعني تروحين حق البيبي  مب تسوين اشغال وتلقطين عيالج
1110784103178256384,QA,بمناسبة التويت اذا باقي حد للحين ما ذليته ومادرا ان اجازتي شهر بس ومداومة بكل سعادة  
1110785431996678016,QA,"انا من زمان اقول اذا صرت وزيرة بسوي راتب اسمه راتب ربة منزل و يكون مبلغ وقدره راتب خريج جامعة عالاقل وممكن يكون في علاوة على كل طفل  
عشان الي تبي تجابل عيالها تجابلهم لين يكبرون بعدين تشتغل اذا تبي"
1110786170412240768,QA,ولحد يقول احنا مانداوم عشان الراتب صح ما تداومون عشان الراتب بس جزء من سبب دوامكم الراتب محد بيشتغل ببلاش واذا على حبكم للشغل وتطوير الذات روحوا تطوعوا فالاوقات الي تناسبكم واستانسو ولا افتحو لكم هوم بزنس منها انتي مديرة نفسج ومجابلة عيالج و عندج دخل ثابت وشكرا
1110788016447127552,QA, صدقيني الدراسات ما تنطبق عندنا  اذا كل وحدة خذت اجازة  شهور بعد الولادة من بيبقى فالشغل  انا اداوم ف مكان  تقريبا من الموظفات بنات اذا وحدة طلعت اجازة شهر بس شوفي تراكم الشغل والفوضى الي تصير
1110788340440358784,QA, عشان يطبقون هالشي يبيلهم اعادة هيكلة و زيادة موظفيين و يعلمونهم من البداية يتشاركون فالشغل و كل واحد يعرف الثاني شيسوي اول بأول بحيث ان غياب واحد فيهم ما يأثر على سير العمل
1110788629243351040,QA, عاد هاي كيفهم بعد كفاية حلينا لهم مشكلة وحدة مالنا خص فالمشاكل العائلية اذا هي ماعندها شخصية و ماتدل المحكمة الله يعينها
1110789517072625664,QA, وبتاخذ علاوة على كل راس بيزيد التعداد السكاني للشعب القطري  ياخي والله انا خطيرة متى اصير وزيرة بس
1110790186466631552,QA, ومحد له ويهه يطالب بشي ف تويتر
1110790532719132800,QA, لا حبيبتي صدقيني هم اول ناس بيدعمون هالقرار الحسودين ما يبون وحدة تشتغل و تنجح 
1110801960150712448,QA, انتي تتكلمين عن نفسج مب كل وحدة لين قعدت فالبيت بتشتغل وفي اشغال وجود الشخص ف المكتب ضرورييي
1110802645961396224,QA,  محد قال صيري ربة منزل بس في اشغال مرنة تقدر الوحدة تاخذ فيها الاجازات الي تبيها ما يصير تبي تصير مديرة ولا تمسك منصب وتبي اجازة  شهور انزين من بيمشي الشغل 
1110803154726207616,QA,  لا نخلي الام هي تختار اذا ريلها يستاهل ياخذ اجازة ولا اذا ما وافقت ما يعطونه 
1110809107110477824,QA,من خلفيته جي تطلع بلور  تنررقز ماقدر اشوف الساعه لازم افتحه  الي عنده حل يقولي  
1110821059136290816,QA,   اجازة الابو ما بتكون اكثر من اسبوع معليه يستاهل ما بتأثر ف شي  بس السبع شهور 
1110822096823897984,QA,خلاص لا تهاوشون اذا صرت وزيرة بعطيكم اجازة  شهور للأمهات و ست شهور للعازبات تستاهلون على هالحماس ماشاءالله عليكم
1110823389634154368,QA, حاضرين والله انتي بس ادعي لي
1110834912708448384,QA,  صدقيني محد بيقول لا حق الاجازة الاختيارية   اتكلم من واقع تجربة مديرتي كلن عندها ظرف فترة حملها و خذت اجازة مرضية شهور تقريبا ومن حقها محد قال شي بس غير الفوضى الي صارت هي يوم رجعت كانت ضايعة  تخيلي هالوضع يصير مع اغلب الموظفااات
1110835431606763648,QA,  ولو تشوفين تويتاتي الي قبل خل يطبقون القرار محد مايبي الراحة بس الموضوع يبي له اعادة هيكلة وتنظييم و حتى العقليات الي عندنا تحتاج تطوير عشان الموضوع يمشي صح بعدين يطبقون القرار
1110854442902085632,QA, يااارب الله يسمع منننج  هني كل الناس بيلتزمون  بيصير عندهم وقت يجابلون بيوتهم ويعم الفرح والسرور
1110856830996094976,QA, ولو يصير في تشجيع ومكافآت على سرعة الانتاج و الاتقان في العمل صدقيني الناس بتقعد اكثر من الوقت المحدد لو كان الدوام ساعة
1110857536775901184,QA,يارب حفرة الكرة الارضية للحين موجودة في المتحف  ابي اجرب اوقف عندها اشوف بحس بنفس شعوري قبل ولا خلاص كبرت
1110902942956179584,QA, اسم الله عليج  الله ييسر امورج 
1111016898618163200,QA, نقول ستارة والجمع ستاير
1111018170008170368,QA,قلبي متروس على وايد ناس 
1111365543838269440,QA, صح زعلت وانا اشوف النهاية  احس من زمان ما اشتطينا على مسلسل جي
1112132615081881600,QA, هالنسخة من المهرجان هي الافضل وايد المكان المرتب على الزحمة الي فيه ما تحسين الناس داخلين ف بعض   المشاركين مبدعين متحسفة اني مالحقت اروح غير مرة كنت ابي اجرب وايد اشياء 
1112725153165631616,QA, تفضلي قولي عندج المايك
1113315623961071616,QA,من كثر ما انا ماعندي سالفة قاعدة ادور تسجيلات شيماء علي الي مادري من نشرها  امس وحدة قالت لي سمعيها و نسيت والحين تحسفت 
1113317068001169408,QA, اووه وانا احسب سالفة قوية  عموما شكرا عالافادة الحين ارتحت 
1113323088983285760,QA, مافي ولا مكان  شوفي اختصار السالفة 
1113509421278290048,QA,الحمدالله اني خذت الدورة هالسنة  الاخوان توهم يكتشفون ان مدتها سنة واااايدددد طويلة وناويين يغيروون
1113509577734201216,QA,بالعربي الي بياخذونها عقب بيضغطون عليهم وبينكرفون 
1113510157739278336,QA,هو صج الوضع غير منطقي كم موظف ماخذ تفرغ من شغله سنة كاملة  و الدوام  ساعات  فاليوم  ايام فالاسبوع فقط والخميس اوف  و خلال هالسنة في اجازة  شهووور  والدوام يصيحون عندهم نقص 
1113877772026429440,QA, انا يقولون لي بس انتي ما عندج لسان شلون 
1114163563529109632,QA,  لوسمحتي ليش ما كتبتي انا اقولج جوج
1114164720813191168,QA,"مريم 
الأهل مريم  ميمي  ميم  مريوم  مريومة 
الأصدقاء ميمي  ميم  وفجور تقولي مريومو عشان ما تقولي كذابة نفسها  
المفضل مييييم "
1114164886857236352,QA,  هههههههه شدعوة حسيتج ام  انا مب ام احد 
1114165337765896192,QA,بالمناسبة يا فجر صج مريومو احسها سبة  بس احبها منج ولو يوما ما ناديتيني باسم غير احس بخاف  
1114548558294859776,QA,قاعدة انطر عند المصمم وفي ام مع بناتها هي تقنعهم يروحون كويت حق الفساتين ياخذون جاهز ويفتكون وهم ما يبون  خاطري اقولها انا بروح معاج خل يولون 
1114890981713879040,QA, ف فريجنا وحدة لوحتها عليها اشكال هندسية واسمها جنها بطاقة هدية او عرس 
1114891385541484416,QA, وتذكرت ف المالديف فالشارع كان في صور ناس عاد مادري مرشحين شنو بالظبط واحد صورته وهو واقف عادية و وراها ظل صورته بلبس التخرج  يعني جوفوني جامعي
1114999376257196032,QA,  فالثمامة  اذا مريت صوبهااا بصورلج
1115141774165651584,QA,عندنا دكتور صوته وايد عالي تبارك الرحمن يعني نسمع محاضرته مرتين مرة عندنا ومرة ف القاعة الي جنبنا  
1115145559092989952,QA,المهم الحين المفروص اقيم المدربين يصير اكتب هالملاحظة عنه 
1115160313798770816,QA, ههههههه الله يعينا من قلب هالاسبوع كل المحاضرات هو تخيلي عشان يخلص مادته 
1115359719919693824,QA, احب ابشرج انا تخرجت وللحين ماعرف اسوي بحث من مخي لان ماعرف خطوات البحث الصحيحة لازم اشوف تامبلت وامشي عليه
1115518792866705408,QA,قاعدة فالبريك احل الواجبات والأشيا الي فاتتني يوم كنت اجازة جاتني بنت من حيث لا اعلم تقولي ناقصج شي حبيبتي ولا في شي ما تعرفينه تبين اساعدج فيييه كان خاطري ألمها والله يكفي سؤالها  
1115537921220550784,QA, اخخخ انا بس اجوف ويهه اتنرفززز استغفرالله مستفززززز وتعابيرة تقههههر
1115681162586984448,QA, عويس سمعنااه  ابييي فويس دانة 
1115879031591899136,QA," انتي ليش ما تشاركين معانا 
انا  دكتور انت قلت بتعطيني فل مارك بدون ما اسوي شي لان اسمي نفس اسم بنتك  

ماقدر اوصف لكم صدمته يحسب من صجي عشان جي ما اشارك  يقول انا ما قلت هالكلام عاد البنات كلهم قامو عليه قالو به لا احنا شاهدييين سمعناك تقولها "
1115879203642146816,QA,قال الله يعين كفاية مريم مطلعة روحنا ف البيت قلت له مب مشكلة بعد مريم ثانية تطلع روحك فالدوام 
1083251735500673024,QA,يارب الدكتور يصير طيب ويطلعنا بسرررععععةةة
1084309528240418816,QA,خاطري ادخل مخ الدريول اشوف هو يفكر بغباء ولا ما يفكر اصلا 
1084402994605682816,QA,سؤال  تحسون عادي الدريول يتكلم ف التلفون اكثر من مرة و يسولف وانتو معاه فالسيارة ولا قلة ادب  
1084403151837503616,QA,انا من كثر ما انا كارهته صرت ماعرف تصرفاته صج خطأ ولا انا اتنرفززز على اي شي يسويه 
1084412598483742848,QA, يخسي يمسكه هاي محذرته منها يتكلم بالسماعه  بس يطول يعني ياخذ راحته الاخ
1084414075231064064,QA,من كثر ما كنت اقول ما احب الاشيا الي مكتوب عليها الاسم احس مالها داعي  الحين ما تم شي عليه اسم ما طلبته ياخس شسوي كله اشياء غريبة يحبها قلبي 
1084747039437717632,QA, وايد قديمة التويته قاعدة اعصر مخي اتذكر من الدكتور  المهم المادة شوي يبيلها مب سهلة بس الدكتور ممتاز ويعطي قبل الامتحانات الاسئلة الي ممكن تجينا طبعا بروحنا نحلها من الملازم بس تكون الدراسة منها فقططط
1084749148975435776,QA, الله يعييين   طرق الطعن ما خذتها فمادري اذا سهله ولا بس سامي مأساة وامتحاناته صعبة  تأمينات يبيلها تشدين حيلج بس جابر ممتاز انا مرتين خذت عنده وايد يفهمم
1084752328975106048,QA,  يعني احنا ما ننلام اذا ما نعرف 
1084880889576710016,QA,اليوم حلمت حلم تفسيره وايد وايد وايد خايس   اعوذ بالله من ابليس 
1085041036001529984,QA, حطيت لا بالغلط  حرام مرشدتي كانت لطيفة ومفيدة 
1085046480371699584,QA,المشكلة كل يوم اقول بكرا بروح عالوقت بس يوم افكر ان اذا تأخرت الوقت بيمر اسرع افضل اني اتأخر 
1085066744618778624,QA, انا نادر ما افسر ما احب كلششش بس مادري امس ليش سويتها 
1085102565266780160,QA, بالظبططططط  دايما يشوفون ان الي حولهم مايحبونهم او ما يعاملونهم عدل ومقصرين بحقهم مع ان الواقع انهم ماخذين حقهم وزيادة بس عشان يخلصون من درامتهم 
1085408144963047424,QA,نزلت ستاربكس طلعت الدريول محد واقف ف باركنق اخر الدنيا مادري يعني انا بنام عندهم ولا شالسالفة   استهبال ولا مب استهبال يا جماعة 
1085408250495942784,QA,يلا ان شاءالله اسبوعين وافتك هاننننت 
1085765579510894592,QA,ولأجليييي يبيع الكل ونفسووو راضييية المشكلة غيييروو خذاا قلبي وراح يا كيييف بحب وضلوعي فاضية 
1085767134733582336,QA, الله يهديكم جان تباركتو من قبل تأخرتوا وايد
1085767345082126336,QA, زطية  احس قاعدة تتكلمين واشوف وحدة جدامي 
1085830488147677184,QA,الكومنت  انت وانت شاب اذا ضعت اتوقع اهلك ما بيدفعون عليك ريال على هالعقلية   
1086236873637400576,QA, احس يبون يقولون احنا فضائيين بس مستحيين قاعدين يمهدون للموضوع
1086402525769523200,QA, مب لازم الدعاء يوصل بأي طريقة اهم شي يكون من قلب وبيقين 
1087054143527632768,QA,  ابيه شهالناس  من وين لج هالكثر ناقصين حنان 
1087292847928225792,QA,احس انا البنت الوحيدة الي ما احب فيديوات ال خصوصا البطيئة واللي تراوينا الكيس والعلبة و الشريطة و و و و خلاص ياخي سرعي نبي نشوف الي داخل حافظين هالاشياء ترى  
1088472446263615616,QA,يارب لا تفجعنا ولا تختبر صبرنا في قريب او حبيب 
1088473096317779968,QA, معاي وحدة فالدوام اول يوم شفتها عرفتني على نفسها وقالت واعرف اتكلم هندي لان امي هندية وعشت طفولتي ف الهند و كل الموظفين يعرفون هالشي من كثر ما تفتخر فيه ودايما تتكلم ان هي ما وصلت لهالمرحلة الا بفضل امها وايد وايد احب هالشي فيها 
1089250961279746048,QA,با جماعة ربو عيالكم شدخل الامير فالسالفة  شرايكم يجي بيوتكم ويسحب تلفوناتهم واحد واحد مثلا  
1089448255665201152,QA, هههههه الي هاي اولها ينعاف تاليها 
1089755316605063168,QA,اليوم كل احلامي اني اتهاوش مع ارامكس لأنهم مسكرين واغراضي عندهم  المشكلة مب هني المشكلة ان الحمدالله خذت كل اغراضي بس مادري شفيني موترني الموضوع 
1089773954284310400,QA, انا معاج  تعودت اصلا ما يوصلني قبل  الظهر 
1090138766189174784,QA,طبعا شوفو الكومنتات واللي مب عاجبهم  ترى هم نفسهم اذا راحو المدينة التعليمية يقولون اي عندهم ألعاب و عندهم ستيودنت سنتر ومطاعم و و و و  
1090270741378093056,QA,طبعا الحين فريق الشسمة يقطون بلاهم وغباءهم عالحكم وهم داخلين الملعب مثل الثيران الهايجة مب عارفين يركزون من الحرة 
1090274850978099200,QA,"من الحين اقولكم ردهم على كل شي  
اصلا عادي عندنا اقوا جواز فالعالم 
قريت الجملة مليون مرة خلال خمس دقايق"
1090276153317884032,QA, لا شفيج هم ما يسووون شي الحكم معانا 
1090293762289516416,QA,الحكم معانا ونسوي سحر وبعد حبايبي   روحو نامو اقول 
1090298066446573568,QA,شالفايدة ونص الشعب ممنوع من السفر ولا ماسكين جوازه   
1090300800038039552,QA,على اساس ما كان في  اهداف قبل  خلاص والله عورتوا قلبي كل هالصياح واخر شي تقولون ترى كورة ما تهمنا  
1091093487095811968,QA, ابيه وايد استحيت حبايبي انتو الطيبين والله  ماتوقعت تعرفيني الصراحة ما التقينا وايد  
1091094040488087552,QA, وبعدين تقولين حشينا بالخير يختي فجور لو تقولين انها سبتني بعد بفكر ان بالخير  ماتخيلها تجيب طاري حد بالشينة هاي غيييمة تمشي على الارض 
1091097383474265984,QA,انزين صج صج الحين يالقطريين بصراحة ليش تتحسون لين حد من دول الحصار حط مدح حق شيوخهم و تدخلون تسبونهم مع ان هم بس مدحوا الشخص ما غلطوا عليكم ولا على بلادنا وشيوخنا
1091097678539382784,QA,ترى يعني بصرف النظر هم زينين ولا شينين كيفهم هم راضيين فيهم مشكلتهم معاهم شدخلكم تدخلون تسبون هالشخص وهو ما غلط عليكم
1091098313846337536,QA,اوكي احنا ما نحبهم و ممكن ننتقدهم ف تويت و لا اي مكان بس لا توجهون الكلام حق حد شخصيا لان حطوا نفسكم مكانهم احنا بعد ما نرضى نحط صورة حد من شيوخنا ويدخل علينا واحد يسبه واحنا ما جبنا طاريهم بشي 
1091098503101718400,QA,ولو شفنا حد غلط على شيوخنا هني بنرد ف لا تزعلون اذا ردو عليكم وشكرا
1091098974319243264,QA,وعلى فكرة الموضوع مب مثالية انا اسب فلان وعلان واتكلم عنهم بس جدام ناس توافقني الراي  ما بتكلم عنهم جدام شخص يحبهم وراضي فيهم طول ما هالشخص محترمني وما غلط على شيوخنا وبلادنا 
1091099345833943040,QA,وبس والله مادري شقول الله يهدي الجميع وتصبحون على خير
1091395086036930560,QA, احس صارلهم يومين يفكرون شلون يكتبون الخبر في حال فازت قطر 
1091647763706720384,QA,   انزين انتي ليش زعلانة ترى بسبب او بدون سبب اغلب الدكاترة يشجعون الطلاب ودايما ناخذ بونس الحمدالله ما بينقص من رصيدج شي
1091655922982834176,QA,    واااضح والله ولا الدكتور ما جاب شي من مخباه ولا زاد عالامتحانات وضيع جهد حد على قولتها هالعشره اصلا درجات نشاط غالبا الكل ياخذها كاملة 
1092029127840935936,QA, بويهه نبيج  ومع دريول غبي الحياة اخسس بعد كنت ما اداني اركب معاه 
1092293235358290048,QA,شريت قطوة لعبة كل ما حد يمر عندها قالت مياو  وحاليا ف السيارة كل مطبة ولا لفة طلعت صوت  استفززززااااازززززز الحمدالله بس ماعندي حد يربي قطاوة صج 
1092294326229655552,QA, اسكتي امس اول ما وصلت مادري ان فيها بطارية طلعتها وحطيتها على جنب مريت عندها نقزززتني  عقب بالعماله حطيتها عند الباب 
1092361225248428032,QA, الي عنده اعتراض يطق راسه بالطوفة   
1092447403125469184,QA, اي والله مب فاضيين يحذفون نعلهم يفشلونا جدام العالم
1092503157727526784,QA,غالبا دام اني محتارة اكيد ما بداوم 
1092707859601809408,QA,ما افهم هالناس والله وحدة جاية تطبع ويقولها الهندي ما يصير لعنت شكله وتقوله يلا يلا سوو انت ما تشتغل بلاش  انزين يعني ليش بيكذب عليج هو المستفيد فالنهاية وحتى لو يكذب كيفه ياخي مايبي يسوي شكله شاف أسلوبج قال هالأشكال الواحد ما يسوي لها احسن 
1092708034877501440,QA,المشكلة انها مصرة ان رفيجتها مسوية نفس الشي عنده وهو يحلف لها ان مب عندهم وان اصلا النوع شوي غير 
1092727633413058560,QA, صححححح وايد الاحظ هالشي 
1092861576229588992,QA, ممكن اعرف اي لون بيكون الشعار  
1093036396217094016,QA,الدكتور مرة قالي انتي مميزة عشان اسمك على اسم بنتي  احب اقولكم اني ذليته اتأخر و ما اجاوب واذا قالي شي اقوله عشان على اسم بنتك  قالي ايه الاستغلال ده قلت له و بعد ترى وعدتني تعطيني بونس درجتين  
1093085034570043392,QA,  احس مشكلتج رد على مشكلتي  خدامتي طالبة مني شي و ما حس ابي اردها ونفس الوقت هو ماله داعي اخاف اقولها لا ويطلع صج في سبب وله داعي وتزعل واخاف اقولها اي وتمصخها بالطلبات وتتعود  
1093094854157053952,QA, حاولت و ادري انها مستحيل تقول لو في شي كلش ما تحب تفتن ودايما تخلي علاقتها سطحية مع الباقي 
1093096382397906944,QA, لووو بيدي اعطيهااا بدون مافكر احبها  بس مثل ما قلتي سالفة الحساسيات و خصوصا ان الباقي مالي خص فيهم ودايما محتجين اني اطلعها ودايما تكون معاي وماعندها يهال وشغلها خفيف  
1093156923522846848,QA, انزين تتوقعين قطعة الغترة قاصينها من الثوب  لأن يعني شلون لقوا نفس الدرججججةةة بالظبط ماتيريال غترة عادية 
1093181609115901952,QA,حطيت الصورة سناب ماله داعي اقولكم العروض الي انهلت علي  بس يعني اسمحولي والله عيزانة اطلع  
1093419826444468224,QA,خلك مع ثيرانك ابرك لان هاي حدود عقليتك والشي الي بتنجحون فيه ان شاءالله 
1093444228305350784,QA, صادني فضول اعرف من هالثلاثة 
1093639336896143360,QA, من فترة وحدة تقولي سالفة وحدة تعرفها ريلها وهي داخلة وطالعة يتغزل فيها قدامهم و هم يعايرون رياييلهم فيه وان شوفو انتو مب مثلا ورياييلهم يقولون لهم لا يغركم لا يغركم  بعد فترة صارت مشكلة لة و اكتشفوا ان متزوج عليها من زمان والرياييل يدرون طبعا 
1093880835378425984,QA,يا جماعة توني اكتشف اني اذا سويت حق حد بلوك ف تويتر يطلع له  وانا احسب بس ما يقدر يشوف تويتاتي  
1093897372495740800,QA,شلون في ناس مناسباتهم وعزايمهم تكون خفيفه عالقلب ولو شنووو كننا تعبانين نكون متحمسين لهااا 
1094256394973429760,QA,يعني والله مادري انا نفسية ولا الناس يبطون الجبد وملاقيف  شكرا حبايبي احتفظوا بتجاربكم حق نفسكم طول ما انا ما سألتكم  
1094325384533954560,QA, اول مرة ادري ان يملجون بدون البنت عندنا الملاج لازم يسأل البنت بنفسه او يعطونها العقد توقع عليه 
1094496717448335360,QA,انا كنت ناوية استأذن بس للأمانة ما لقيت المسؤولة لذلك انسحبت انسحاب تكتيكي ومع نفسهم  
1094496945077403648,QA,يعني اوكي يا بنات انتو لطيفين بس للأمانة من يوم ما صارت القاعة كلها بنات والوقت ما يمر الساعة كأنها عشر ساعات من كثر ما يسألون ويتفلسفون 
1094535129639370752,QA, اسمحي لي تعرفين هالايام صعبة قاعدة اهاوش كل الناس يبطون جبدي والله مب قصدي 
1094866063274242048,QA, المشكلة ان من ردودها واضح هي ما تقصد الشيلة والعباية بس هي قصدها الستايل عباية اللف والميكب و و و المهم يعني اذا بنات البلد كل يومين طالعين بهبة يديدة خلو الناس تكشخ وتستانس 
1095040203679510400,QA, وبعدين تنزل بوست تتحلطم ان الناس يسألونها ويضيعون وقتها  انزين حبيبتي اكيد بنسأل عن الاسعار والديتيلز ما بدخل اشتري بدون ماعرف السعر واذا ما عجبنا بنشكرج وخلاص مب سألنا يعني غصب نشتري 
1095283713410248832,QA,لازم اشوف لي حل مع ذوقي  كل الاشيا الي تعجبني ف الدنيا لازم تطلع   او    
1095284317398421632,QA,كنت ابي شي و عجبوني اثنين واحد طلع   من كل الدنيا ولازم اطلبه من المصنع  والثاني  
1095284750812626944,QA,وطبعا اخترت ال  وقالو بداية فبراير بيجهز وبيشحنونه بسسس للحييين لاحس ولا خببببرررررر  احس الموضوع مسألة حياة او موت بالنسبة لي ومابي اكنسله طبعا لان مافي غيره عاجبني  
1095316516613046400,QA, احنا عندنا بس حق البنات يومين فالاسبوع  ماتفتح الا قبل الدوام و بعده  وقتها محد فاضي يقعد  ياخي دامها موجودة عطونا بريك ساعه نروح ونرجع بدل قعدتنا فاضيين
1095568843290886016,QA, التويته خلتني اشتاق حق اجواء الدوام 
1095618676399767552,QA, خمسمية ومليون رت  مادري ليش ماعندنا مطابع شي بروفشنال ويفهمون و اسعارهم مناسبة 
1095621768012796032,QA, اصلا اذا فهموا زين  ولا يوم يقولج برنق سمبلز انزين اذا انا ابي اسوي شي يديد من وييين اجييييب لكككك
1095623502357544960,QA, اي هاي الي يصير  بس في اشياء صعبة ما تتسوى خصوصا اذا احجام كبيرة
1095737845548007424,QA,امس كنت اقول نفس الكلام  كل سنة نشوف اليهال لابسين بدل اندية اجنبية السنة بدلة المنتخب نجممة اليوم الرياضي  
1095955494072668160,QA,فصول اخوي متعلم ان كل خميس اطلعه من المدرسة وامي ما تدري يعني  و شكله تعود  ومن امس يوصيني بكرا لا تنسين تاخذيني المهم الحين عطوني عذر اقوله له لين رجع عشان ما تقوم علي القيامة  
1095968585745342464,QA, قلت له مايصير كل اسبوع بعدين ما بيخلونك تطلع اذا صج عندنا شي عصب ومصر ان يوم الخميس عادي مب مهم 
1096148683907846016,QA, للحين ولا مرة طلبت عباية وحبيتها وحسبت ابي اسوي عند نفس المصممة مرة ثانية 
1096350037133705216,QA, اي عادي انا اول ما اشتغلت شريت لي سيارة مع ان كان عندي سيارة ومافيها شي بس ابي احس اني سويت شي مفيد بفلوسي وللحين اقول هاي احسن شي سويته  
1096387835186290816,QA,     لدرجة اني طلعت من نص الفلم من الملل لذلك للحين احس ان يمكن الي شفته غير عن الي الناس شايفينه 
1096452050454482944,QA, عادي انا ما رافجت بنات الا اخر سنة 
1096858415207513984,QA, من سنتين تقريبا ركبت على فيل كانت من اسوأ تجارب الحياة للحين اتذكر شعورها كلش مافيها متعة مادري شلون الناس تستمتع فيها 
1096869075995770752,QA, هالاشيا صارت من أساسيات الحياة  استغرب من الناس الي تتزوج بدون اتفاق عليهم او بدون حتى ما تتناقش فيها سبحان الله بعد الزواج تكتشف انه مايبيها تدرس او تتوظف 
1097954840934793216,QA," هههه بجربها  
الله يبارك فيج حبيبتي "
1098537085722595200,QA,  احس تطلع عفوية حتى البنات مرات يكتبون نفس الشي 
1100115063980077056,QA,مليون ريتويت  بنكمل سنتين ومالهم موضوع غيره خلاص طوفوا هالمرحلة  
1101152774622990336,QA, شنننو فرحت وانا اشوف الفيديوات اينننون الله يحفظهم  الحمدالله ما كسروا فرحة هاليهال وحماسهم عشان كم وحدة تافهه وملقوفة 
1101166981452103552,QA, رب المنزل طبعا لأن الخدامة ف النهاية مأمورة و انا عن نفسي ما اخليها تقط شي بدون ما تقول فهي لو شافت شي منتهي او قرب ينتهي تقولي عشان نتصرف فيه لو ما ابيه وانا اقولها تقطه ولا 
1101523567185969152,QA, اييي اول ما فتح كانت تحت عند السكيتنق 
1102893366235332608,QA, بموووت  ان شاءالللله تطلع جي انثى 
1055941602735140864,QA,وشهداء غزة واخبار اليمن والوفد الاسرائيلي اللي في عمان و مشاكل قطر والسعودية والامارات وايران وتركيا  الله كريييم  
1056177096312025216,QA, اي والله مافيهم احساس الشوارع غرقانة نفس ذاك اليوم و ماندري شالوضع بكرا 
1056395713435787264,QA,بداوم و فييني الصيحة من الصداع 
1056479951405363200,QA,من بعد  اشهر دوام واحنا مشردين مبروك صار عندنا مديرة 
1056572953935122432,QA, يستاهلون اجازة اسبوع والله عالضحك اللي ضحكناه 
1056599223666380800,QA,شكلها هوايتي هالفترة اخذ فساتين بدون مناسبة وتعيش فالكبت  المشكلة اني صرت افصل بعد مب بس اخذ جاهز  
1056599931568488448,QA,لو سمحتو الي عنده عرس عزيمة خطوبة اي شي يعزمني انا جاهزة 
